r2,mae,nmae,mse,rmse,rmspe,rae,mape,target
-0.71,610.58,28.979,507383.657,712.309,0.39299999999999996,1.386,0.301,pporto
-0.423,794.59,21.77,941316.0759999999,970.2139999999999,0.26899999999999996,1.295,0.214,pguima
-0.677,387.74,25.543000000000003,210629.08899999998,458.94300000000004,0.29100000000000004,1.406,0.226,sporto
-2.9539999999999997,105.56700000000001,37.568000000000005,14983.382,122.40700000000001,0.43799999999999994,2.241,0.40700000000000003,spovoa
-0.6759999999999999,13.109000000000002,20.808000000000003,301.926,17.375999999999998,0.32799999999999996,1.3419999999999999,0.262,sbarce
-0.5589999999999999,662.3510000000001,21.845,633638.696,796.0139999999999,0.45299999999999996,1.422,0.326,sfama
-0.569,1344.61,25.18,2771947.3839999996,1664.9170000000001,0.856,1.335,0.637,sbraga
-0.018000000000000002,79.27199999999999,24.391,9174.886999999999,95.786,0.48700000000000004,0.9359999999999999,0.395,sguima
